insert into un.region (code, name) values (142,'Asia');
insert into un.region (code, name) values (150,'Europe');
insert into un.region (code, name) values (2,'Africa');
insert into un.region (code, name) values (9,'Oceania');
insert into un.region (code, name) values (19,'Americas');

insert into un.land_locked_developed_countries (is_land_locked_developing_country) values (true);
insert into un.land_locked_developed_countries (is_land_locked_developing_country) values (false);

insert into un.least_developed_countries (is_least_developed_country) values (true);
insert into un.least_developed_countries (is_least_developed_country) values (false);

insert into un.small_island_developing_states (is_small_island_developing) values (true);
insert into un.small_island_developing_states (is_small_island_developing) values (false);

insert into un.developing_status (is_developed) values (true);
insert into un.developing_status (is_developed) values (false);

insert into un.sub_region (code, name, region_code) values (15,'Northern Africa', 2);
insert into un.sub_region (code, name, region_code) values (21,'Northern America', 19);
insert into un.sub_region (code, name, region_code) values (30,'Eastern Asia', 142);
insert into un.sub_region (code, name, region_code) values (34,'Southern Asia', 142);
insert into un.sub_region (code, name, region_code) values (35,'South-eastern Asia', 142);
insert into un.sub_region (code, name, region_code) values (39,'Southern Europe', 150);
insert into un.sub_region (code, name, region_code) values (53,'Australia and New Zealand', 9);
insert into un.sub_region (code, name, region_code) values (54,'Melanesia', 9);
insert into un.sub_region (code, name, region_code) values (57,'Micronesia', 9);
insert into un.sub_region (code, name, region_code) values (61,'Polynesia', 9);
insert into un.sub_region (code, name, region_code) values (143,'Central Asia', 142);
insert into un.sub_region (code, name, region_code) values (145,'Western Asia', 142);
insert into un.sub_region (code, name, region_code) values (151,'Eastern Europe', 150);
insert into un.sub_region (code, name, region_code) values (154,'Northern Europe', 150);
insert into un.sub_region (code, name, region_code) values (155,'Western Europe', 150);
insert into un.sub_region (code, name, region_code) values (202,'Sub-Saharan Africa', 2);
insert into un.sub_region (code, name, region_code) values (419,'Latin America and the Caribbean', 19);

insert into un.country_or_area (name, alpha2code, m49code, alpha3code, least_developed_countries, landlocked_developed_countries, small_island_developing_status, developing_status, sub_region_code) values('Algeria','DZ',12,'DZA',2,2,2,2,15);
insert into un.country_or_area (name, alpha2code, m49code, alpha3code, least_developed_countries, landlocked_developed_countries, small_island_developing_status, developing_status, sub_region_code) values('Egypt','EE',818,'EGY',2,2,2,2,15);
insert into un.country_or_area (name, alpha2code, m49code, alpha3code, least_developed_countries, landlocked_developed_countries, small_island_developing_status, developing_status, sub_region_code) values('Libya','LT',434,'LBY',2,2,2,2,15);
insert into un.country_or_area (name, alpha2code, m49code, alpha3code, least_developed_countries, landlocked_developed_countries, small_island_developing_status, developing_status, sub_region_code) values('Morocco','MS',504,'MAR',2,2,2,2,15);
insert into un.country_or_area (name, alpha2code, m49code, alpha3code, least_developed_countries, landlocked_developed_countries, small_island_developing_status, developing_status, sub_region_code) values('Sudan','SJ',729,'SDN',1,2,2,2,15);
insert into un.country_or_area (name, alpha2code, m49code, alpha3code, least_developed_countries, landlocked_developed_countries, small_island_developing_status, developing_status, sub_region_code) values('Tunisia','TN',788,'TUN',2,2,2,2,15);
insert into un.country_or_area (name, alpha2code, m49code, alpha3code, least_developed_countries, landlocked_developed_countries, small_island_developing_status, developing_status, sub_region_code) values('Western Sahara','EH',732,'ESH',2,2,2,2,15);
insert into un.country_or_area (name, alpha2code, m49code, alpha3code, least_developed_countries, landlocked_developed_countries, small_island_developing_status, developing_status, sub_region_code) values('Bermuda','BM',60,'BMU',2,2,2,1,21);
insert into un.country_or_area (name, alpha2code, m49code, alpha3code, least_developed_countries, landlocked_developed_countries, small_island_developing_status, developing_status, sub_region_code) values('Canada','KY',124,'CAN',2,2,2,1,21);
insert into un.country_or_area (name, alpha2code, m49code, alpha3code, least_developed_countries, landlocked_developed_countries, small_island_developing_status, developing_status, sub_region_code) values('Greenland','GG',304,'GRL',2,2,2,1,21);
insert into un.country_or_area (name, alpha2code, m49code, alpha3code, least_developed_countries, landlocked_developed_countries, small_island_developing_status, developing_status, sub_region_code) values('Saint Pierre and Miquelon','PM',666,'SPM',2,2,2,1,21);
insert into un.country_or_area (name, alpha2code, m49code, alpha3code, least_developed_countries, landlocked_developed_countries, small_island_developing_status, developing_status, sub_region_code) values('United States of America','UY',840,'USA',2,2,2,1,21);
insert into un.country_or_area (name, alpha2code, m49code, alpha3code, least_developed_countries, landlocked_developed_countries, small_island_developing_status, developing_status, sub_region_code) values('China','CX',156,'CHN',2,2,2,2,30);
insert into un.country_or_area (name, alpha2code, m49code, alpha3code, least_developed_countries, landlocked_developed_countries, small_island_developing_status, developing_status, sub_region_code) values('China, Hong Kong Special Administrative Region','CC',344,'HKG',2,2,2,2,30);
insert into un.country_or_area (name, alpha2code, m49code, alpha3code, least_developed_countries, landlocked_developed_countries, small_island_developing_status, developing_status, sub_region_code) values('China, Macao Special Administrative Region','CO',446,'MAC',2,2,2,2,30);
insert into un.country_or_area (name, alpha2code, m49code, alpha3code, least_developed_countries, landlocked_developed_countries, small_island_developing_status, developing_status, sub_region_code) values('Democratic People''s Republic of Korea','DM',408,'PRK',2,2,2,2,30);
insert into un.country_or_area (name, alpha2code, m49code, alpha3code, least_developed_countries, landlocked_developed_countries, small_island_developing_status, developing_status, sub_region_code) values('Japan','KE',392,'JPN',2,2,2,1,30);
insert into un.country_or_area (name, alpha2code, m49code, alpha3code, least_developed_countries, landlocked_developed_countries, small_island_developing_status, developing_status, sub_region_code) values('Mongolia','MC',496,'MNG',2,1,2,2,30);
insert into un.country_or_area (name, alpha2code, m49code, alpha3code, least_developed_countries, landlocked_developed_countries, small_island_developing_status, developing_status, sub_region_code) values('Republic of Korea','PR',410,'KOR',2,2,2,2,30);
insert into un.country_or_area (name, alpha2code, m49code, alpha3code, least_developed_countries, landlocked_developed_countries, small_island_developing_status, developing_status, sub_region_code) values('Afghanistan','AF',4,'AFG',1,1,2,2,34);
insert into un.country_or_area (name, alpha2code, m49code, alpha3code, least_developed_countries, landlocked_developed_countries, small_island_developing_status, developing_status, sub_region_code) values('Bangladesh','BD',50,'BGD',1,2,2,2,34);
insert into un.country_or_area (name, alpha2code, m49code, alpha3code, least_developed_countries, landlocked_developed_countries, small_island_developing_status, developing_status, sub_region_code) values('Bhutan','BT',64,'BTN',1,1,2,2,34);
insert into un.country_or_area (name, alpha2code, m49code, alpha3code, least_developed_countries, landlocked_developed_countries, small_island_developing_status, developing_status, sub_region_code) values('India','IE',356,'IND',2,2,2,2,34);
insert into un.country_or_area (name, alpha2code, m49code, alpha3code, least_developed_countries, landlocked_developed_countries, small_island_developing_status, developing_status, sub_region_code) values('Iran (Islamic Republic of)','IL',364,'IRN',2,2,2,2,34);
insert into un.country_or_area (name, alpha2code, m49code, alpha3code, least_developed_countries, landlocked_developed_countries, small_island_developing_status, developing_status, sub_region_code) values('Maldives','MV',462,'MDV',2,2,1,2,34);
insert into un.country_or_area (name, alpha2code, m49code, alpha3code, least_developed_countries, landlocked_developed_countries, small_island_developing_status, developing_status, sub_region_code) values('Nepal','NR',524,'NPL',1,1,2,2,34);
insert into un.country_or_area (name, alpha2code, m49code, alpha3code, least_developed_countries, landlocked_developed_countries, small_island_developing_status, developing_status, sub_region_code) values('Pakistan','OM',586,'PAK',2,2,2,2,34);
insert into un.country_or_area (name, alpha2code, m49code, alpha3code, least_developed_countries, landlocked_developed_countries, small_island_developing_status, developing_status, sub_region_code) values('Sri Lanka','SD',144,'LKA',2,2,2,2,34);
insert into un.country_or_area (name, alpha2code, m49code, alpha3code, least_developed_countries, landlocked_developed_countries, small_island_developing_status, developing_status, sub_region_code) values('Brunei Darussalam','BG',96,'BRN',2,2,2,2,35);
insert into un.country_or_area (name, alpha2code, m49code, alpha3code, least_developed_countries, landlocked_developed_countries, small_island_developing_status, developing_status, sub_region_code) values('Cambodia','CM',116,'KHM',1,2,2,2,35);
insert into un.country_or_area (name, alpha2code, m49code, alpha3code, least_developed_countries, landlocked_developed_countries, small_island_developing_status, developing_status, sub_region_code) values('Indonesia','IM',360,'IDN',2,2,2,2,35);
insert into un.country_or_area (name, alpha2code, m49code, alpha3code, least_developed_countries, landlocked_developed_countries, small_island_developing_status, developing_status, sub_region_code) values('Lao People''s Democratic Republic','LB',418,'LAO',1,1,2,2,35);
insert into un.country_or_area (name, alpha2code, m49code, alpha3code, least_developed_countries, landlocked_developed_countries, small_island_developing_status, developing_status, sub_region_code) values('Malaysia','MY',458,'MYS',2,2,2,2,35);
insert into un.country_or_area (name, alpha2code, m49code, alpha3code, least_developed_countries, landlocked_developed_countries, small_island_developing_status, developing_status, sub_region_code) values('Myanmar','MZ',104,'MMR',1,2,2,2,35);
insert into un.country_or_area (name, alpha2code, m49code, alpha3code, least_developed_countries, landlocked_developed_countries, small_island_developing_status, developing_status, sub_region_code) values('Philippines','PY',608,'PHL',2,2,2,2,35);
insert into un.country_or_area (name, alpha2code, m49code, alpha3code, least_developed_countries, landlocked_developed_countries, small_island_developing_status, developing_status, sub_region_code) values('Singapore','SX',702,'SGP',2,2,1,2,35);
insert into un.country_or_area (name, alpha2code, m49code, alpha3code, least_developed_countries, landlocked_developed_countries, small_island_developing_status, developing_status, sub_region_code) values('Thailand','TZ',764,'THA',2,2,2,2,35);
insert into un.country_or_area (name, alpha2code, m49code, alpha3code, least_developed_countries, landlocked_developed_countries, small_island_developing_status, developing_status, sub_region_code) values('Timor-Leste','TL',626,'TLS',1,2,1,2,35);
insert into un.country_or_area (name, alpha2code, m49code, alpha3code, least_developed_countries, landlocked_developed_countries, small_island_developing_status, developing_status, sub_region_code) values('Viet Nam','VI',704,'VNM',2,2,2,2,35);
insert into un.country_or_area (name, alpha2code, m49code, alpha3code, least_developed_countries, landlocked_developed_countries, small_island_developing_status, developing_status, sub_region_code) values('Albania','AL',8,'ALB',2,2,2,1,39);
insert into un.country_or_area (name, alpha2code, m49code, alpha3code, least_developed_countries, landlocked_developed_countries, small_island_developing_status, developing_status, sub_region_code) values('Andorra','AD',20,'AND',2,2,2,1,39);
insert into un.country_or_area (name, alpha2code, m49code, alpha3code, least_developed_countries, landlocked_developed_countries, small_island_developing_status, developing_status, sub_region_code) values('Bosnia and Herzegovina','BA',70,'BIH',2,2,2,1,39);
insert into un.country_or_area (name, alpha2code, m49code, alpha3code, least_developed_countries, landlocked_developed_countries, small_island_developing_status, developing_status, sub_region_code) values('Croatia','CW',191,'HRV',2,2,2,1,39);
insert into un.country_or_area (name, alpha2code, m49code, alpha3code, least_developed_countries, landlocked_developed_countries, small_island_developing_status, developing_status, sub_region_code) values('Gibraltar','GU',292,'GIB',2,2,2,1,39);
insert into un.country_or_area (name, alpha2code, m49code, alpha3code, least_developed_countries, landlocked_developed_countries, small_island_developing_status, developing_status, sub_region_code) values('Greece','GT',300,'GRC',2,2,2,1,39);
insert into un.country_or_area (name, alpha2code, m49code, alpha3code, least_developed_countries, landlocked_developed_countries, small_island_developing_status, developing_status, sub_region_code) values('Holy See','IN',336,'VAT',2,2,2,1,39);
insert into un.country_or_area (name, alpha2code, m49code, alpha3code, least_developed_countries, landlocked_developed_countries, small_island_developing_status, developing_status, sub_region_code) values('Italy','JO',380,'ITA',2,2,2,1,39);
insert into un.country_or_area (name, alpha2code, m49code, alpha3code, least_developed_countries, landlocked_developed_countries, small_island_developing_status, developing_status, sub_region_code) values('Malta','MT',470,'MLT',2,2,2,1,39);
insert into un.country_or_area (name, alpha2code, m49code, alpha3code, least_developed_countries, landlocked_developed_countries, small_island_developing_status, developing_status, sub_region_code) values('Montenegro','MN',499,'MNE',2,2,2,1,39);
insert into un.country_or_area (name, alpha2code, m49code, alpha3code, least_developed_countries, landlocked_developed_countries, small_island_developing_status, developing_status, sub_region_code) values('Portugal','PN',620,'PRT',2,2,2,1,39);
insert into un.country_or_area (name, alpha2code, m49code, alpha3code, least_developed_countries, landlocked_developed_countries, small_island_developing_status, developing_status, sub_region_code) values('San Marino','SM',674,'SMR',2,2,2,1,39);
insert into un.country_or_area (name, alpha2code, m49code, alpha3code, least_developed_countries, landlocked_developed_countries, small_island_developing_status, developing_status, sub_region_code) values('Serbia','SC',688,'SRB',2,2,2,1,39);
insert into un.country_or_area (name, alpha2code, m49code, alpha3code, least_developed_countries, landlocked_developed_countries, small_island_developing_status, developing_status, sub_region_code) values('Slovenia','SB',705,'SVN',2,2,2,1,39);
insert into un.country_or_area (name, alpha2code, m49code, alpha3code, least_developed_countries, landlocked_developed_countries, small_island_developing_status, developing_status, sub_region_code) values('Spain','LK',724,'ESP',2,2,2,1,39);
insert into un.country_or_area (name, alpha2code, m49code, alpha3code, least_developed_countries, landlocked_developed_countries, small_island_developing_status, developing_status, sub_region_code) values('The former Yugoslav Republic of Macedonia','TH',807,'MKD',2,1,2,1,39);
insert into un.country_or_area (name, alpha2code, m49code, alpha3code, least_developed_countries, landlocked_developed_countries, small_island_developing_status, developing_status, sub_region_code) values('Australia','AU',36,'AUS',2,2,2,1,53);
insert into un.country_or_area (name, alpha2code, m49code, alpha3code, least_developed_countries, landlocked_developed_countries, small_island_developing_status, developing_status, sub_region_code) values('Christmas Island','KM',162,'CXR',2,2,2,1,53);
insert into un.country_or_area (name, alpha2code, m49code, alpha3code, least_developed_countries, landlocked_developed_countries, small_island_developing_status, developing_status, sub_region_code) values('Cocos (Keeling) Islands','CG',166,'CCK',2,2,2,1,53);
insert into un.country_or_area (name, alpha2code, m49code, alpha3code, least_developed_countries, landlocked_developed_countries, small_island_developing_status, developing_status, sub_region_code) values('Heard Island and McDonald Islands','IS',334,'HMD',2,2,2,1,53);
insert into un.country_or_area (name, alpha2code, m49code, alpha3code, least_developed_countries, landlocked_developed_countries, small_island_developing_status, developing_status, sub_region_code) values('New Zealand','NC',554,'NZL',2,2,2,1,53);
insert into un.country_or_area (name, alpha2code, m49code, alpha3code, least_developed_countries, landlocked_developed_countries, small_island_developing_status, developing_status, sub_region_code) values('Norfolk Island','NU',574,'NFK',2,2,2,1,53);
insert into un.country_or_area (name, alpha2code, m49code, alpha3code, least_developed_countries, landlocked_developed_countries, small_island_developing_status, developing_status, sub_region_code) values('Fiji','TF',242,'FJI',2,2,1,2,54);
insert into un.country_or_area (name, alpha2code, m49code, alpha3code, least_developed_countries, landlocked_developed_countries, small_island_developing_status, developing_status, sub_region_code) values('New Caledonia','NL',540,'NCL',2,2,1,2,54);
insert into un.country_or_area (name, alpha2code, m49code, alpha3code, least_developed_countries, landlocked_developed_countries, small_island_developing_status, developing_status, sub_region_code) values('Papua New Guinea','PS',598,'PNG',2,2,1,2,54);
insert into un.country_or_area (name, alpha2code, m49code, alpha3code, least_developed_countries, landlocked_developed_countries, small_island_developing_status, developing_status, sub_region_code) values('Solomon Islands','SO',90,'SLB',1,2,1,2,54);
insert into un.country_or_area (name, alpha2code, m49code, alpha3code, least_developed_countries, landlocked_developed_countries, small_island_developing_status, developing_status, sub_region_code) values('Vanuatu','VN',548,'VUT',1,2,1,2,54);
insert into un.country_or_area (name, alpha2code, m49code, alpha3code, least_developed_countries, landlocked_developed_countries, small_island_developing_status, developing_status, sub_region_code) values('Guam','GY',316,'GUM',2,2,1,2,57);
insert into un.country_or_area (name, alpha2code, m49code, alpha3code, least_developed_countries, landlocked_developed_countries, small_island_developing_status, developing_status, sub_region_code) values('Kiribati','KG',296,'KIR',1,2,1,2,57);
insert into un.country_or_area (name, alpha2code, m49code, alpha3code, least_developed_countries, landlocked_developed_countries, small_island_developing_status, developing_status, sub_region_code) values('Marshall Islands','MH',584,'MHL',2,2,1,2,57);
insert into un.country_or_area (name, alpha2code, m49code, alpha3code, least_developed_countries, landlocked_developed_countries, small_island_developing_status, developing_status, sub_region_code) values('Micronesia (Federated States of)','FM',583,'FSM',2,2,1,2,57);
insert into un.country_or_area (name, alpha2code, m49code, alpha3code, least_developed_countries, landlocked_developed_countries, small_island_developing_status, developing_status, sub_region_code) values('Nauru','NA',520,'NRU',2,2,1,2,57);
insert into un.country_or_area (name, alpha2code, m49code, alpha3code, least_developed_countries, landlocked_developed_countries, small_island_developing_status, developing_status, sub_region_code) values('Northern Mariana Islands','NF',580,'MNP',2,2,1,2,57);
insert into un.country_or_area (name, alpha2code, m49code, alpha3code, least_developed_countries, landlocked_developed_countries, small_island_developing_status, developing_status, sub_region_code) values('Palau','PK',585,'PLW',2,2,1,2,57);
insert into un.country_or_area (name, alpha2code, m49code, alpha3code, least_developed_countries, landlocked_developed_countries, small_island_developing_status, developing_status, sub_region_code) values('United States Minor Outlying Islands','UM',581,'UMI',2,2,2,2,57);
insert into un.country_or_area (name, alpha2code, m49code, alpha3code, least_developed_countries, landlocked_developed_countries, small_island_developing_status, developing_status, sub_region_code) values('American Samoa','AS',16,'ASM',2,2,1,2,61);
insert into un.country_or_area (name, alpha2code, m49code, alpha3code, least_developed_countries, landlocked_developed_countries, small_island_developing_status, developing_status, sub_region_code) values('Cook Islands','CI',184,'COK',2,2,1,2,61);
insert into un.country_or_area (name, alpha2code, m49code, alpha3code, least_developed_countries, landlocked_developed_countries, small_island_developing_status, developing_status, sub_region_code) values('French Polynesia','DE',258,'PYF',2,2,1,2,61);
insert into un.country_or_area (name, alpha2code, m49code, alpha3code, least_developed_countries, landlocked_developed_countries, small_island_developing_status, developing_status, sub_region_code) values('Niue','NG',570,'NIU',2,2,1,2,61);
insert into un.country_or_area (name, alpha2code, m49code, alpha3code, least_developed_countries, landlocked_developed_countries, small_island_developing_status, developing_status, sub_region_code) values('Pitcairn','PE',612,'PCN',2,2,2,2,61);
insert into un.country_or_area (name, alpha2code, m49code, alpha3code, least_developed_countries, landlocked_developed_countries, small_island_developing_status, developing_status, sub_region_code) values('Samoa','WS',882,'WSM',2,2,1,2,61);
insert into un.country_or_area (name, alpha2code, m49code, alpha3code, least_developed_countries, landlocked_developed_countries, small_island_developing_status, developing_status, sub_region_code) values('Tokelau','TK',772,'TKL',2,2,2,2,61);
insert into un.country_or_area (name, alpha2code, m49code, alpha3code, least_developed_countries, landlocked_developed_countries, small_island_developing_status, developing_status, sub_region_code) values('Tonga','TO',776,'TON',2,2,1,2,61);
insert into un.country_or_area (name, alpha2code, m49code, alpha3code, least_developed_countries, landlocked_developed_countries, small_island_developing_status, developing_status, sub_region_code) values('Tuvalu','TV',798,'TUV',1,2,1,2,61);
insert into un.country_or_area (name, alpha2code, m49code, alpha3code, least_developed_countries, landlocked_developed_countries, small_island_developing_status, developing_status, sub_region_code) values('Wallis and Futuna Islands','WF',876,'WLF',2,2,2,2,61);
insert into un.country_or_area (name, alpha2code, m49code, alpha3code, least_developed_countries, landlocked_developed_countries, small_island_developing_status, developing_status, sub_region_code) values('Kazakhstan','KR',398,'KAZ',2,1,2,2,143);
insert into un.country_or_area (name, alpha2code, m49code, alpha3code, least_developed_countries, landlocked_developed_countries, small_island_developing_status, developing_status, sub_region_code) values('Kyrgyzstan','LV',417,'KGZ',2,1,2,2,143);
insert into un.country_or_area (name, alpha2code, m49code, alpha3code, least_developed_countries, landlocked_developed_countries, small_island_developing_status, developing_status, sub_region_code) values('Tajikistan','TJ',762,'TJK',2,1,2,2,143);
insert into un.country_or_area (name, alpha2code, m49code, alpha3code, least_developed_countries, landlocked_developed_countries, small_island_developing_status, developing_status, sub_region_code) values('Turkmenistan','TM',795,'TKM',2,1,2,2,143);
insert into un.country_or_area (name, alpha2code, m49code, alpha3code, least_developed_countries, landlocked_developed_countries, small_island_developing_status, developing_status, sub_region_code) values('Uzbekistan','VE',860,'UZB',2,1,2,2,143);
insert into un.country_or_area (name, alpha2code, m49code, alpha3code, least_developed_countries, landlocked_developed_countries, small_island_developing_status, developing_status, sub_region_code) values('Armenia','AM',51,'ARM',2,1,2,2,145);
insert into un.country_or_area (name, alpha2code, m49code, alpha3code, least_developed_countries, landlocked_developed_countries, small_island_developing_status, developing_status, sub_region_code) values('Azerbaijan','AZ',31,'AZE',2,1,2,2,145);
insert into un.country_or_area (name, alpha2code, m49code, alpha3code, least_developed_countries, landlocked_developed_countries, small_island_developing_status, developing_status, sub_region_code) values('Bahrain','BH',48,'BHR',2,2,2,2,145);
insert into un.country_or_area (name, alpha2code, m49code, alpha3code, least_developed_countries, landlocked_developed_countries, small_island_developing_status, developing_status, sub_region_code) values('Cyprus','DK',196,'CYP',2,2,2,1,145);
insert into un.country_or_area (name, alpha2code, m49code, alpha3code, least_developed_countries, landlocked_developed_countries, small_island_developing_status, developing_status, sub_region_code) values('Georgia','GL',268,'GEO',2,2,2,2,145);
insert into un.country_or_area (name, alpha2code, m49code, alpha3code, least_developed_countries, landlocked_developed_countries, small_island_developing_status, developing_status, sub_region_code) values('Iraq','IT',368,'IRQ',2,2,2,2,145);
insert into un.country_or_area (name, alpha2code, m49code, alpha3code, least_developed_countries, landlocked_developed_countries, small_island_developing_status, developing_status, sub_region_code) values('Israel','JE',376,'ISR',2,2,2,1,145);
insert into un.country_or_area (name, alpha2code, m49code, alpha3code, least_developed_countries, landlocked_developed_countries, small_island_developing_status, developing_status, sub_region_code) values('Jordan','KP',400,'JOR',2,2,2,2,145);
insert into un.country_or_area (name, alpha2code, m49code, alpha3code, least_developed_countries, landlocked_developed_countries, small_island_developing_status, developing_status, sub_region_code) values('Kuwait','LA',414,'KWT',2,2,2,2,145);
insert into un.country_or_area (name, alpha2code, m49code, alpha3code, least_developed_countries, landlocked_developed_countries, small_island_developing_status, developing_status, sub_region_code) values('Lebanon','LR',422,'LBN',2,2,2,2,145);
insert into un.country_or_area (name, alpha2code, m49code, alpha3code, least_developed_countries, landlocked_developed_countries, small_island_developing_status, developing_status, sub_region_code) values('Oman','NO',512,'OMN',2,2,2,2,145);
insert into un.country_or_area (name, alpha2code, m49code, alpha3code, least_developed_countries, landlocked_developed_countries, small_island_developing_status, developing_status, sub_region_code) values('Qatar','PT',634,'QAT',2,2,2,2,145);
insert into un.country_or_area (name, alpha2code, m49code, alpha3code, least_developed_countries, landlocked_developed_countries, small_island_developing_status, developing_status, sub_region_code) values('Saudi Arabia','SN',682,'SAU',2,2,2,2,145);
insert into un.country_or_area (name, alpha2code, m49code, alpha3code, least_developed_countries, landlocked_developed_countries, small_island_developing_status, developing_status, sub_region_code) values('State of Palestine','SR',275,'PSE',2,2,2,2,145);
insert into un.country_or_area (name, alpha2code, m49code, alpha3code, least_developed_countries, landlocked_developed_countries, small_island_developing_status, developing_status, sub_region_code) values('Syrian Arab Republic','TW',760,'SYR',2,2,2,2,145);
insert into un.country_or_area (name, alpha2code, m49code, alpha3code, least_developed_countries, landlocked_developed_countries, small_island_developing_status, developing_status, sub_region_code) values('Turkey','TR',792,'TUR',2,2,2,2,145);
insert into un.country_or_area (name, alpha2code, m49code, alpha3code, least_developed_countries, landlocked_developed_countries, small_island_developing_status, developing_status, sub_region_code) values('United Arab Emirates','AE',784,'ARE',2,2,2,2,145);
insert into un.country_or_area (name, alpha2code, m49code, alpha3code, least_developed_countries, landlocked_developed_countries, small_island_developing_status, developing_status, sub_region_code) values('Yemen','YE',887,'YEM',1,2,2,2,145);
insert into un.country_or_area (name, alpha2code, m49code, alpha3code, least_developed_countries, landlocked_developed_countries, small_island_developing_status, developing_status, sub_region_code) values('Belarus','BY',112,'BLR',2,2,2,1,151);
insert into un.country_or_area (name, alpha2code, m49code, alpha3code, least_developed_countries, landlocked_developed_countries, small_island_developing_status, developing_status, sub_region_code) values('Bulgaria','BF',100,'BGR',2,2,2,1,151);
insert into un.country_or_area (name, alpha2code, m49code, alpha3code, least_developed_countries, landlocked_developed_countries, small_island_developing_status, developing_status, sub_region_code) values('Czechia','DJ',203,'CZE',2,2,2,1,151);
insert into un.country_or_area (name, alpha2code, m49code, alpha3code, least_developed_countries, landlocked_developed_countries, small_island_developing_status, developing_status, sub_region_code) values('Hungary','IR',348,'HUN',2,2,2,1,151);
insert into un.country_or_area (name, alpha2code, m49code, alpha3code, least_developed_countries, landlocked_developed_countries, small_island_developing_status, developing_status, sub_region_code) values('Poland','PH',616,'POL',2,2,2,1,151);
insert into un.country_or_area (name, alpha2code, m49code, alpha3code, least_developed_countries, landlocked_developed_countries, small_island_developing_status, developing_status, sub_region_code) values('Republic of Moldova','QA',498,'MDA',2,1,2,1,151);
insert into un.country_or_area (name, alpha2code, m49code, alpha3code, least_developed_countries, landlocked_developed_countries, small_island_developing_status, developing_status, sub_region_code) values('Romania','RO',642,'ROU',2,2,2,1,151);
insert into un.country_or_area (name, alpha2code, m49code, alpha3code, least_developed_countries, landlocked_developed_countries, small_island_developing_status, developing_status, sub_region_code) values('Russian Federation','RU',643,'RUS',2,2,2,1,151);
insert into un.country_or_area (name, alpha2code, m49code, alpha3code, least_developed_countries, landlocked_developed_countries, small_island_developing_status, developing_status, sub_region_code) values('Slovakia','SI',703,'SVK',2,2,2,1,151);
insert into un.country_or_area (name, alpha2code, m49code, alpha3code, least_developed_countries, landlocked_developed_countries, small_island_developing_status, developing_status, sub_region_code) values('Ukraine','UA',804,'UKR',2,2,2,1,151);
insert into un.country_or_area (name, alpha2code, m49code, alpha3code, least_developed_countries, landlocked_developed_countries, small_island_developing_status, developing_status, sub_region_code) values('Åland Islands','AX',248,'ALA',2,2,2,1,154);
insert into un.country_or_area (name, alpha2code, m49code, alpha3code, least_developed_countries, landlocked_developed_countries, small_island_developing_status, developing_status, sub_region_code) values('Denmark','EC',208,'DNK',2,2,2,1,154);
insert into un.country_or_area (name, alpha2code, m49code, alpha3code, least_developed_countries, landlocked_developed_countries, small_island_developing_status, developing_status, sub_region_code) values('Estonia','FJ',233,'EST',2,2,2,1,154);
insert into un.country_or_area (name, alpha2code, m49code, alpha3code, least_developed_countries, landlocked_developed_countries, small_island_developing_status, developing_status, sub_region_code) values('Faroe Islands','PF',234,'FRO',2,2,2,1,154);
insert into un.country_or_area (name, alpha2code, m49code, alpha3code, least_developed_countries, landlocked_developed_countries, small_island_developing_status, developing_status, sub_region_code) values('Finland','GA',246,'FIN',2,2,2,1,154);
insert into un.country_or_area (name, alpha2code, m49code, alpha3code, least_developed_countries, landlocked_developed_countries, small_island_developing_status, developing_status, sub_region_code) values('Guernsey','HM',831,'GGY',2,2,2,1,154);
insert into un.country_or_area (name, alpha2code, m49code, alpha3code, least_developed_countries, landlocked_developed_countries, small_island_developing_status, developing_status, sub_region_code) values('Iceland','IQ',352,'ISL',2,2,2,1,154);
insert into un.country_or_area (name, alpha2code, m49code, alpha3code, least_developed_countries, landlocked_developed_countries, small_island_developing_status, developing_status, sub_region_code) values('Ireland','JM',372,'IRL',2,2,2,1,154);
insert into un.country_or_area (name, alpha2code, m49code, alpha3code, least_developed_countries, landlocked_developed_countries, small_island_developing_status, developing_status, sub_region_code) values('Isle of Man','JP',833,'IMN',2,2,2,1,154);
insert into un.country_or_area (name, alpha2code, m49code, alpha3code, least_developed_countries, landlocked_developed_countries, small_island_developing_status, developing_status, sub_region_code) values('Jersey','KI',832,'JEY',2,2,2,1,154);
insert into un.country_or_area (name, alpha2code, m49code, alpha3code, least_developed_countries, landlocked_developed_countries, small_island_developing_status, developing_status, sub_region_code) values('Latvia','LS',428,'LVA',2,2,2,1,154);
insert into un.country_or_area (name, alpha2code, m49code, alpha3code, least_developed_countries, landlocked_developed_countries, small_island_developing_status, developing_status, sub_region_code) values('Lithuania','MO',440,'LTU',2,2,2,1,154);
insert into un.country_or_area (name, alpha2code, m49code, alpha3code, least_developed_countries, landlocked_developed_countries, small_island_developing_status, developing_status, sub_region_code) values('Norway','MP',578,'NOR',2,2,2,1,154);
insert into un.country_or_area (name, alpha2code, m49code, alpha3code, least_developed_countries, landlocked_developed_countries, small_island_developing_status, developing_status, sub_region_code) values('Sark','SA',680,'',2,2,2,1,154);
insert into un.country_or_area (name, alpha2code, m49code, alpha3code, least_developed_countries, landlocked_developed_countries, small_island_developing_status, developing_status, sub_region_code) values('Svalbard and Jan Mayen Islands','SE',744,'SJM',2,2,2,1,154);
insert into un.country_or_area (name, alpha2code, m49code, alpha3code, least_developed_countries, landlocked_developed_countries, small_island_developing_status, developing_status, sub_region_code) values('Sweden','CH',752,'SWE',2,2,2,1,154);
insert into un.country_or_area (name, alpha2code, m49code, alpha3code, least_developed_countries, landlocked_developed_countries, small_island_developing_status, developing_status, sub_region_code) values('United Kingdom of Great Britain and Northern Ireland','GB',826,'GBR',2,2,2,1,154);
insert into un.country_or_area (name, alpha2code, m49code, alpha3code, least_developed_countries, landlocked_developed_countries, small_island_developing_status, developing_status, sub_region_code) values('Austria','AT',40,'AUT',2,2,2,1,155);
insert into un.country_or_area (name, alpha2code, m49code, alpha3code, least_developed_countries, landlocked_developed_countries, small_island_developing_status, developing_status, sub_region_code) values('Belgium','BE',56,'BEL',2,2,2,1,155);
insert into un.country_or_area (name, alpha2code, m49code, alpha3code, least_developed_countries, landlocked_developed_countries, small_island_developing_status, developing_status, sub_region_code) values('France','GM',250,'FRA',2,2,2,1,155);
insert into un.country_or_area (name, alpha2code, m49code, alpha3code, least_developed_countries, landlocked_developed_countries, small_island_developing_status, developing_status, sub_region_code) values('Germany','GD',276,'DEU',2,2,2,1,155);
insert into un.country_or_area (name, alpha2code, m49code, alpha3code, least_developed_countries, landlocked_developed_countries, small_island_developing_status, developing_status, sub_region_code) values('Liechtenstein','LU',438,'LIE',2,2,2,1,155);
insert into un.country_or_area (name, alpha2code, m49code, alpha3code, least_developed_countries, landlocked_developed_countries, small_island_developing_status, developing_status, sub_region_code) values('Luxembourg','MK',442,'LUX',2,2,2,1,155);
insert into un.country_or_area (name, alpha2code, m49code, alpha3code, least_developed_countries, landlocked_developed_countries, small_island_developing_status, developing_status, sub_region_code) values('Monaco','MD',492,'MCO',2,2,2,1,155);
insert into un.country_or_area (name, alpha2code, m49code, alpha3code, least_developed_countries, landlocked_developed_countries, small_island_developing_status, developing_status, sub_region_code) values('Netherlands','NP',528,'NLD',2,2,2,1,155);
insert into un.country_or_area (name, alpha2code, m49code, alpha3code, least_developed_countries, landlocked_developed_countries, small_island_developing_status, developing_status, sub_region_code) values('Switzerland','SY',756,'CHE',2,2,2,1,155);
insert into un.country_or_area (name, alpha2code, m49code, alpha3code, least_developed_countries, landlocked_developed_countries, small_island_developing_status, developing_status, sub_region_code) values('Angola','AO',24,'AGO',1,2,2,2,202);
insert into un.country_or_area (name, alpha2code, m49code, alpha3code, least_developed_countries, landlocked_developed_countries, small_island_developing_status, developing_status, sub_region_code) values('Benin','BJ',204,'BEN',1,2,2,2,202);
insert into un.country_or_area (name, alpha2code, m49code, alpha3code, least_developed_countries, landlocked_developed_countries, small_island_developing_status, developing_status, sub_region_code) values('Botswana','BW',72,'BWA',2,1,2,2,202);
insert into un.country_or_area (name, alpha2code, m49code, alpha3code, least_developed_countries, landlocked_developed_countries, small_island_developing_status, developing_status, sub_region_code) values('British Indian Ocean Territory','IO',86,'IOT',2,2,2,2,202);
insert into un.country_or_area (name, alpha2code, m49code, alpha3code, least_developed_countries, landlocked_developed_countries, small_island_developing_status, developing_status, sub_region_code) values('Burkina Faso','BI',854,'BFA',1,1,2,2,202);
insert into un.country_or_area (name, alpha2code, m49code, alpha3code, least_developed_countries, landlocked_developed_countries, small_island_developing_status, developing_status, sub_region_code) values('Burundi','CV',108,'BDI',1,1,2,2,202);
insert into un.country_or_area (name, alpha2code, m49code, alpha3code, least_developed_countries, landlocked_developed_countries, small_island_developing_status, developing_status, sub_region_code) values('Cabo Verde','KH',132,'CPV',2,2,1,2,202);
insert into un.country_or_area (name, alpha2code, m49code, alpha3code, least_developed_countries, landlocked_developed_countries, small_island_developing_status, developing_status, sub_region_code) values('Cameroon','CA',120,'CMR',2,2,2,2,202);
insert into un.country_or_area (name, alpha2code, m49code, alpha3code, least_developed_countries, landlocked_developed_countries, small_island_developing_status, developing_status, sub_region_code) values('Central African Republic','TD',140,'CAF',1,1,2,2,202);
insert into un.country_or_area (name, alpha2code, m49code, alpha3code, least_developed_countries, landlocked_developed_countries, small_island_developing_status, developing_status, sub_region_code) values('Chad','CL',148,'TCD',1,1,2,2,202);
insert into un.country_or_area (name, alpha2code, m49code, alpha3code, least_developed_countries, landlocked_developed_countries, small_island_developing_status, developing_status, sub_region_code) values('Comoros','CK',174,'COM',1,2,1,2,202);
insert into un.country_or_area (name, alpha2code, m49code, alpha3code, least_developed_countries, landlocked_developed_countries, small_island_developing_status, developing_status, sub_region_code) values('Congo','CR',178,'COG',2,2,2,2,202);
insert into un.country_or_area (name, alpha2code, m49code, alpha3code, least_developed_countries, landlocked_developed_countries, small_island_developing_status, developing_status, sub_region_code) values('Côte d''Ivoire','CU',384,'CIV',2,2,2,2,202);
insert into un.country_or_area (name, alpha2code, m49code, alpha3code, least_developed_countries, landlocked_developed_countries, small_island_developing_status, developing_status, sub_region_code) values('Democratic Republic of the Congo','DO',180,'COD',1,2,2,2,202);
insert into un.country_or_area (name, alpha2code, m49code, alpha3code, least_developed_countries, landlocked_developed_countries, small_island_developing_status, developing_status, sub_region_code) values('Djibouti','EG',262,'DJI',1,2,2,2,202);
insert into un.country_or_area (name, alpha2code, m49code, alpha3code, least_developed_countries, landlocked_developed_countries, small_island_developing_status, developing_status, sub_region_code) values('Equatorial Guinea','FK',226,'GNQ',2,2,2,2,202);
insert into un.country_or_area (name, alpha2code, m49code, alpha3code, least_developed_countries, landlocked_developed_countries, small_island_developing_status, developing_status, sub_region_code) values('Eritrea','FO',232,'ERI',1,2,2,2,202);
insert into un.country_or_area (name, alpha2code, m49code, alpha3code, least_developed_countries, landlocked_developed_countries, small_island_developing_status, developing_status, sub_region_code) values('Eswatini','FI',748,'SWZ',2,1,2,2,202);
insert into un.country_or_area (name, alpha2code, m49code, alpha3code, least_developed_countries, landlocked_developed_countries, small_island_developing_status, developing_status, sub_region_code) values('Ethiopia','FR',231,'ETH',1,1,2,2,202);
insert into un.country_or_area (name, alpha2code, m49code, alpha3code, least_developed_countries, landlocked_developed_countries, small_island_developing_status, developing_status, sub_region_code) values('French Southern Territories','GH',260,'ATF',2,2,2,2,202);
insert into un.country_or_area (name, alpha2code, m49code, alpha3code, least_developed_countries, landlocked_developed_countries, small_island_developing_status, developing_status, sub_region_code) values('Gabon','GI',266,'GAB',2,2,2,2,202);
insert into un.country_or_area (name, alpha2code, m49code, alpha3code, least_developed_countries, landlocked_developed_countries, small_island_developing_status, developing_status, sub_region_code) values('Gambia','GR',270,'GMB',1,2,2,2,202);
insert into un.country_or_area (name, alpha2code, m49code, alpha3code, least_developed_countries, landlocked_developed_countries, small_island_developing_status, developing_status, sub_region_code) values('Ghana','GP',288,'GHA',2,2,2,2,202);
insert into un.country_or_area (name, alpha2code, m49code, alpha3code, least_developed_countries, landlocked_developed_countries, small_island_developing_status, developing_status, sub_region_code) values('Guinea','VA',324,'GIN',1,2,2,2,202);
insert into un.country_or_area (name, alpha2code, m49code, alpha3code, least_developed_countries, landlocked_developed_countries, small_island_developing_status, developing_status, sub_region_code) values('Guinea-Bissau','HN',624,'GNB',1,2,1,2,202);
insert into un.country_or_area (name, alpha2code, m49code, alpha3code, least_developed_countries, landlocked_developed_countries, small_island_developing_status, developing_status, sub_region_code) values('Kenya','KW',404,'KEN',2,2,2,2,202);
insert into un.country_or_area (name, alpha2code, m49code, alpha3code, least_developed_countries, landlocked_developed_countries, small_island_developing_status, developing_status, sub_region_code) values('Lesotho','LY',426,'LSO',1,1,2,2,202);
insert into un.country_or_area (name, alpha2code, m49code, alpha3code, least_developed_countries, landlocked_developed_countries, small_island_developing_status, developing_status, sub_region_code) values('Liberia','LI',430,'LBR',1,2,2,2,202);
insert into un.country_or_area (name, alpha2code, m49code, alpha3code, least_developed_countries, landlocked_developed_countries, small_island_developing_status, developing_status, sub_region_code) values('Madagascar','MG',450,'MDG',1,2,2,2,202);
insert into un.country_or_area (name, alpha2code, m49code, alpha3code, least_developed_countries, landlocked_developed_countries, small_island_developing_status, developing_status, sub_region_code) values('Malawi','MW',454,'MWI',1,1,2,2,202);
insert into un.country_or_area (name, alpha2code, m49code, alpha3code, least_developed_countries, landlocked_developed_countries, small_island_developing_status, developing_status, sub_region_code) values('Mali','ML',466,'MLI',1,1,2,2,202);
insert into un.country_or_area (name, alpha2code, m49code, alpha3code, least_developed_countries, landlocked_developed_countries, small_island_developing_status, developing_status, sub_region_code) values('Mauritania','MR',478,'MRT',1,2,2,2,202);
insert into un.country_or_area (name, alpha2code, m49code, alpha3code, least_developed_countries, landlocked_developed_countries, small_island_developing_status, developing_status, sub_region_code) values('Mauritius','MU',480,'MUS',2,2,1,2,202);
insert into un.country_or_area (name, alpha2code, m49code, alpha3code, least_developed_countries, landlocked_developed_countries, small_island_developing_status, developing_status, sub_region_code) values('Mayotte','YT',175,'MYT',2,2,2,2,202);
insert into un.country_or_area (name, alpha2code, m49code, alpha3code, least_developed_countries, landlocked_developed_countries, small_island_developing_status, developing_status, sub_region_code) values('Mozambique','MA',508,'MOZ',1,2,2,2,202);
insert into un.country_or_area (name, alpha2code, m49code, alpha3code, least_developed_countries, landlocked_developed_countries, small_island_developing_status, developing_status, sub_region_code) values('Namibia','MM',516,'NAM',2,2,2,2,202);
insert into un.country_or_area (name, alpha2code, m49code, alpha3code, least_developed_countries, landlocked_developed_countries, small_island_developing_status, developing_status, sub_region_code) values('Niger','NI',562,'NER',1,1,2,2,202);
insert into un.country_or_area (name, alpha2code, m49code, alpha3code, least_developed_countries, landlocked_developed_countries, small_island_developing_status, developing_status, sub_region_code) values('Nigeria','NE',566,'NGA',2,2,2,2,202);
insert into un.country_or_area (name, alpha2code, m49code, alpha3code, least_developed_countries, landlocked_developed_countries, small_island_developing_status, developing_status, sub_region_code) values('Réunion','RE',638,'REU',2,2,2,2,202);
insert into un.country_or_area (name, alpha2code, m49code, alpha3code, least_developed_countries, landlocked_developed_countries, small_island_developing_status, developing_status, sub_region_code) values('Rwanda','RW',646,'RWA',1,1,2,2,202);
insert into un.country_or_area (name, alpha2code, m49code, alpha3code, least_developed_countries, landlocked_developed_countries, small_island_developing_status, developing_status, sub_region_code) values('Saint Helena','SH',654,'SHN',2,2,2,2,202);
insert into un.country_or_area (name, alpha2code, m49code, alpha3code, least_developed_countries, landlocked_developed_countries, small_island_developing_status, developing_status, sub_region_code) values('Sao Tome and Principe','ST',678,'STP',1,2,1,2,202);
insert into un.country_or_area (name, alpha2code, m49code, alpha3code, least_developed_countries, landlocked_developed_countries, small_island_developing_status, developing_status, sub_region_code) values('Senegal','RS',686,'SEN',1,2,2,2,202);
insert into un.country_or_area (name, alpha2code, m49code, alpha3code, least_developed_countries, landlocked_developed_countries, small_island_developing_status, developing_status, sub_region_code) values('Seychelles','SL',690,'SYC',2,2,1,2,202);
insert into un.country_or_area (name, alpha2code, m49code, alpha3code, least_developed_countries, landlocked_developed_countries, small_island_developing_status, developing_status, sub_region_code) values('Sierra Leone','SG',694,'SLE',1,2,2,2,202);
insert into un.country_or_area (name, alpha2code, m49code, alpha3code, least_developed_countries, landlocked_developed_countries, small_island_developing_status, developing_status, sub_region_code) values('Somalia','ZA',706,'SOM',1,2,2,2,202);
insert into un.country_or_area (name, alpha2code, m49code, alpha3code, least_developed_countries, landlocked_developed_countries, small_island_developing_status, developing_status, sub_region_code) values('South Africa','GS',710,'ZAF',2,2,2,2,202);
insert into un.country_or_area (name, alpha2code, m49code, alpha3code, least_developed_countries, landlocked_developed_countries, small_island_developing_status, developing_status, sub_region_code) values('South Sudan','ES',728,'SSD',1,1,2,2,202);
insert into un.country_or_area (name, alpha2code, m49code, alpha3code, least_developed_countries, landlocked_developed_countries, small_island_developing_status, developing_status, sub_region_code) values('Togo','TG',768,'TGO',1,2,2,2,202);
insert into un.country_or_area (name, alpha2code, m49code, alpha3code, least_developed_countries, landlocked_developed_countries, small_island_developing_status, developing_status, sub_region_code) values('Uganda','UG',800,'UGA',1,1,2,2,202);
insert into un.country_or_area (name, alpha2code, m49code, alpha3code, least_developed_countries, landlocked_developed_countries, small_island_developing_status, developing_status, sub_region_code) values('United Republic of Tanzania','US',834,'TZA',1,2,2,2,202);
insert into un.country_or_area (name, alpha2code, m49code, alpha3code, least_developed_countries, landlocked_developed_countries, small_island_developing_status, developing_status, sub_region_code) values('Zambia','ZM',894,'ZMB',1,1,2,2,202);
insert into un.country_or_area (name, alpha2code, m49code, alpha3code, least_developed_countries, landlocked_developed_countries, small_island_developing_status, developing_status, sub_region_code) values('Zimbabwe','ZW',716,'ZWE',2,1,2,2,202);
insert into un.country_or_area (name, alpha2code, m49code, alpha3code, least_developed_countries, landlocked_developed_countries, small_island_developing_status, developing_status, sub_region_code) values('Anguilla','AI',660,'AIA',2,2,1,2,419);
insert into un.country_or_area (name, alpha2code, m49code, alpha3code, least_developed_countries, landlocked_developed_countries, small_island_developing_status, developing_status, sub_region_code) values('Antigua and Barbuda','AG',28,'ATG',2,2,1,2,419);
insert into un.country_or_area (name, alpha2code, m49code, alpha3code, least_developed_countries, landlocked_developed_countries, small_island_developing_status, developing_status, sub_region_code) values('Argentina','AR',32,'ARG',2,2,2,2,419);
insert into un.country_or_area (name, alpha2code, m49code, alpha3code, least_developed_countries, landlocked_developed_countries, small_island_developing_status, developing_status, sub_region_code) values('Aruba','AW',533,'ABW',2,2,1,2,419);
insert into un.country_or_area (name, alpha2code, m49code, alpha3code, least_developed_countries, landlocked_developed_countries, small_island_developing_status, developing_status, sub_region_code) values('Bahamas','BS',44,'BHS',2,2,1,2,419);
insert into un.country_or_area (name, alpha2code, m49code, alpha3code, least_developed_countries, landlocked_developed_countries, small_island_developing_status, developing_status, sub_region_code) values('Barbados','BB',52,'BRB',2,2,1,2,419);
insert into un.country_or_area (name, alpha2code, m49code, alpha3code, least_developed_countries, landlocked_developed_countries, small_island_developing_status, developing_status, sub_region_code) values('Belize','BZ',84,'BLZ',2,2,1,2,419);
insert into un.country_or_area (name, alpha2code, m49code, alpha3code, least_developed_countries, landlocked_developed_countries, small_island_developing_status, developing_status, sub_region_code) values('Bolivia (Plurinational State of)','BO',68,'BOL',2,1,2,2,419);
insert into un.country_or_area (name, alpha2code, m49code, alpha3code, least_developed_countries, landlocked_developed_countries, small_island_developing_status, developing_status, sub_region_code) values('Bonaire, Sint Eustatius and Saba','BQ',535,'BES',2,2,1,2,419);
insert into un.country_or_area (name, alpha2code, m49code, alpha3code, least_developed_countries, landlocked_developed_countries, small_island_developing_status, developing_status, sub_region_code) values('Bouvet Island','BV',74,'BVT',2,2,2,2,419);
insert into un.country_or_area (name, alpha2code, m49code, alpha3code, least_developed_countries, landlocked_developed_countries, small_island_developing_status, developing_status, sub_region_code) values('Brazil','BR',76,'BRA',2,2,2,2,419);
insert into un.country_or_area (name, alpha2code, m49code, alpha3code, least_developed_countries, landlocked_developed_countries, small_island_developing_status, developing_status, sub_region_code) values('British Virgin Islands','BN',92,'VGB',2,2,1,2,419);
insert into un.country_or_area (name, alpha2code, m49code, alpha3code, least_developed_countries, landlocked_developed_countries, small_island_developing_status, developing_status, sub_region_code) values('Cayman Islands','CF',136,'CYM',2,2,2,2,419);
insert into un.country_or_area (name, alpha2code, m49code, alpha3code, least_developed_countries, landlocked_developed_countries, small_island_developing_status, developing_status, sub_region_code) values('Chile','CN',152,'CHL',2,2,2,2,419);
insert into un.country_or_area (name, alpha2code, m49code, alpha3code, least_developed_countries, landlocked_developed_countries, small_island_developing_status, developing_status, sub_region_code) values('Colombia','CD',170,'COL',2,2,2,2,419);
insert into un.country_or_area (name, alpha2code, m49code, alpha3code, least_developed_countries, landlocked_developed_countries, small_island_developing_status, developing_status, sub_region_code) values('Costa Rica','HR',188,'CRI',2,2,2,2,419);
insert into un.country_or_area (name, alpha2code, m49code, alpha3code, least_developed_countries, landlocked_developed_countries, small_island_developing_status, developing_status, sub_region_code) values('Cuba','CY',192,'CUB',2,2,1,2,419);
insert into un.country_or_area (name, alpha2code, m49code, alpha3code, least_developed_countries, landlocked_developed_countries, small_island_developing_status, developing_status, sub_region_code) values('Curaçao','CZ',531,'CUW',2,2,1,2,419);
insert into un.country_or_area (name, alpha2code, m49code, alpha3code, least_developed_countries, landlocked_developed_countries, small_island_developing_status, developing_status, sub_region_code) values('Dominica','SV',212,'DMA',2,2,1,2,419);
insert into un.country_or_area (name, alpha2code, m49code, alpha3code, least_developed_countries, landlocked_developed_countries, small_island_developing_status, developing_status, sub_region_code) values('Dominican Republic','GQ',214,'DOM',2,2,1,2,419);
insert into un.country_or_area (name, alpha2code, m49code, alpha3code, least_developed_countries, landlocked_developed_countries, small_island_developing_status, developing_status, sub_region_code) values('Ecuador','ER',218,'ECU',2,2,2,2,419);
insert into un.country_or_area (name, alpha2code, m49code, alpha3code, least_developed_countries, landlocked_developed_countries, small_island_developing_status, developing_status, sub_region_code) values('El Salvador','ET',222,'SLV',2,2,2,2,419);
insert into un.country_or_area (name, alpha2code, m49code, alpha3code, least_developed_countries, landlocked_developed_countries, small_island_developing_status, developing_status, sub_region_code) values('Falkland Islands (Malvinas)','GF',238,'FLK',2,2,2,2,419);
insert into un.country_or_area (name, alpha2code, m49code, alpha3code, least_developed_countries, landlocked_developed_countries, small_island_developing_status, developing_status, sub_region_code) values('French Guiana','GE',254,'GUF',2,2,2,2,419);
insert into un.country_or_area (name, alpha2code, m49code, alpha3code, least_developed_countries, landlocked_developed_countries, small_island_developing_status, developing_status, sub_region_code) values('Grenada','GN',308,'GRD',2,2,1,2,419);
insert into un.country_or_area (name, alpha2code, m49code, alpha3code, least_developed_countries, landlocked_developed_countries, small_island_developing_status, developing_status, sub_region_code) values('Guadeloupe','GW',312,'GLP',2,2,2,2,419);
insert into un.country_or_area (name, alpha2code, m49code, alpha3code, least_developed_countries, landlocked_developed_countries, small_island_developing_status, developing_status, sub_region_code) values('Guatemala','HT',320,'GTM',2,2,2,2,419);
insert into un.country_or_area (name, alpha2code, m49code, alpha3code, least_developed_countries, landlocked_developed_countries, small_island_developing_status, developing_status, sub_region_code) values('Guyana','HK',328,'GUY',2,2,1,2,419);
insert into un.country_or_area (name, alpha2code, m49code, alpha3code, least_developed_countries, landlocked_developed_countries, small_island_developing_status, developing_status, sub_region_code) values('Haiti','HU',332,'HTI',1,2,1,2,419);
insert into un.country_or_area (name, alpha2code, m49code, alpha3code, least_developed_countries, landlocked_developed_countries, small_island_developing_status, developing_status, sub_region_code) values('Honduras','ID',340,'HND',2,2,2,2,419);
insert into un.country_or_area (name, alpha2code, m49code, alpha3code, least_developed_countries, landlocked_developed_countries, small_island_developing_status, developing_status, sub_region_code) values('Jamaica','KZ',388,'JAM',2,2,1,2,419);
insert into un.country_or_area (name, alpha2code, m49code, alpha3code, least_developed_countries, landlocked_developed_countries, small_island_developing_status, developing_status, sub_region_code) values('Martinique','MQ',474,'MTQ',2,2,2,2,419);
insert into un.country_or_area (name, alpha2code, m49code, alpha3code, least_developed_countries, landlocked_developed_countries, small_island_developing_status, developing_status, sub_region_code) values('Mexico','MX',484,'MEX',2,2,2,2,419);
insert into un.country_or_area (name, alpha2code, m49code, alpha3code, least_developed_countries, landlocked_developed_countries, small_island_developing_status, developing_status, sub_region_code) values('Montserrat','ME',500,'MSR',2,2,1,2,419);
insert into un.country_or_area (name, alpha2code, m49code, alpha3code, least_developed_countries, landlocked_developed_countries, small_island_developing_status, developing_status, sub_region_code) values('Nicaragua','NZ',558,'NIC',2,2,2,2,419);
insert into un.country_or_area (name, alpha2code, m49code, alpha3code, least_developed_countries, landlocked_developed_countries, small_island_developing_status, developing_status, sub_region_code) values('Panama','PW',591,'PAN',2,2,2,2,419);
insert into un.country_or_area (name, alpha2code, m49code, alpha3code, least_developed_countries, landlocked_developed_countries, small_island_developing_status, developing_status, sub_region_code) values('Paraguay','PA',600,'PRY',2,1,2,2,419);
insert into un.country_or_area (name, alpha2code, m49code, alpha3code, least_developed_countries, landlocked_developed_countries, small_island_developing_status, developing_status, sub_region_code) values('Peru','PG',604,'PER',2,2,2,2,419);
insert into un.country_or_area (name, alpha2code, m49code, alpha3code, least_developed_countries, landlocked_developed_countries, small_island_developing_status, developing_status, sub_region_code) values('Puerto Rico','PL',630,'PRI',2,2,1,2,419);
insert into un.country_or_area (name, alpha2code, m49code, alpha3code, least_developed_countries, landlocked_developed_countries, small_island_developing_status, developing_status, sub_region_code) values('Saint Barthélemy','BL',652,'BLM',2,2,2,2,419);
insert into un.country_or_area (name, alpha2code, m49code, alpha3code, least_developed_countries, landlocked_developed_countries, small_island_developing_status, developing_status, sub_region_code) values('Saint Kitts and Nevis','KN',659,'KNA',2,2,1,2,419);
insert into un.country_or_area (name, alpha2code, m49code, alpha3code, least_developed_countries, landlocked_developed_countries, small_island_developing_status, developing_status, sub_region_code) values('Saint Lucia','LC',662,'LCA',2,2,1,2,419);
insert into un.country_or_area (name, alpha2code, m49code, alpha3code, least_developed_countries, landlocked_developed_countries, small_island_developing_status, developing_status, sub_region_code) values('Saint Martin (French Part)','MF',663,'MAF',2,2,2,2,419);
insert into un.country_or_area (name, alpha2code, m49code, alpha3code, least_developed_countries, landlocked_developed_countries, small_island_developing_status, developing_status, sub_region_code) values('Saint Vincent and the Grenadines','VC',670,'VCT',2,2,1,2,419);
insert into un.country_or_area (name, alpha2code, m49code, alpha3code, least_developed_countries, landlocked_developed_countries, small_island_developing_status, developing_status, sub_region_code) values('Sint Maarten (Dutch part)','SK',534,'SXM',2,2,1,2,419);
insert into un.country_or_area (name, alpha2code, m49code, alpha3code, least_developed_countries, landlocked_developed_countries, small_island_developing_status, developing_status, sub_region_code) values('South Georgia and the South Sandwich Islands','SS',239,'SGS',2,2,2,2,419);
insert into un.country_or_area (name, alpha2code, m49code, alpha3code, least_developed_countries, landlocked_developed_countries, small_island_developing_status, developing_status, sub_region_code) values('Suriname','SZ',740,'SUR',2,2,1,2,419);
insert into un.country_or_area (name, alpha2code, m49code, alpha3code, least_developed_countries, landlocked_developed_countries, small_island_developing_status, developing_status, sub_region_code) values('Trinidad and Tobago','TT',780,'TTO',2,2,1,2,419);
insert into un.country_or_area (name, alpha2code, m49code, alpha3code, least_developed_countries, landlocked_developed_countries, small_island_developing_status, developing_status, sub_region_code) values('Turks and Caicos Islands','TC',796,'TCA',2,2,2,2,419);
insert into un.country_or_area (name, alpha2code, m49code, alpha3code, least_developed_countries, landlocked_developed_countries, small_island_developing_status, developing_status, sub_region_code) values('United States Virgin Islands','UZ',850,'VIR',2,2,1,2,419);
insert into un.country_or_area (name, alpha2code, m49code, alpha3code, least_developed_countries, landlocked_developed_countries, small_island_developing_status, developing_status, sub_region_code) values('Uruguay','VU',858,'URY',2,2,2,2,419);
insert into un.country_or_area (name, alpha2code, m49code, alpha3code, least_developed_countries, landlocked_developed_countries, small_island_developing_status, developing_status, sub_region_code) values('Venezuela (Bolivarian Republic of)','VG',862,'VEN',2,2,2,2,419);
